Insured_class,Loan_Number,EAD,RWA_AIRB,RWA_standardized,RWA_AIRB_2019,RWA_standardized_2019,WeightedAvg_PD,WeightedAvg_LGD
CG,4534,1290269145.14,77185067.17764679,69162464.79028001,14714390.216863377,25805382.9028,0.005950418471101424,0.22514591820547772
CMHC,11040,3061191771.7,7024.93201442928,0.0,7009.73879983561,0.0,0.005850993175338791,0.22112708178727103
Sagen,8832,2293171131.81,150534752.51629314,127477330.11268002,27157120.95984036,45863422.6362,0.006301656603951746,0.21775811823376043
Uninsured,28996,15628632527.36,3649606420.3103566,5126152294.087999,3487793403.5085096,5473386789.467999,0.036529936789214915,0.20079174405038172
