Insured_class,Loan_Number,EAD,RWA_AIRB,RWA_standardized,RWA_AIRB_2019,RWA_standardized_2019,WeightedAvg_PD,WeightedAvg_LGD
CG,4501,1276047349.24,76638895.20921491,68662204.94480002,14469396.267431324,25520946.9848,0.005774062366087636,0.22415280849690167
CMHC,10950,3025641229.76,6909.942774675329,0.0,6894.788183996118,0.0,0.006146687873076804,0.22005646674643492
Sagen,8786,2272607807.14,149635688.48563763,126898526.21260002,26715052.12822939,45452156.1428,0.005393026776579237,0.21612256202847527
Uninsured,29071,15712230375.0,3732717571.12222,5145899525.8965,3570772884.7251916,5504454628.822,0.035647045716189256,0.20265027238677905
